Column1;crash;car;clear;cloudy;raining;snowing;fog/visibility;other weather;wind;daylight;dusk-dawn;dark-street lights;dark-no street lights;dark-street lights not functioning;dry;wet;snowy-icy;slippery (muddy, oily, etc.);holes, deep rut;loose material on roadway;obstruction on roadway;construction - repair zone;reduced roadway width;flooded;other condition;no unusual conditions;stopped;proceeding straight;ran off road;making right turn;making left turn;making u turn;backing;slowing/stopping;passing other vehicle;changing lanes;parking manuever;entering traffic;other unsafe turning;xing into opposing lane;parked;merging;traveling wrong way;other movement;head-on;side swipe;rear end;broadside;hit object;overturned;vehicle/pedestrian;other type of collision
43;cruise_071021;2;VRAI;FAUX;FAUX;FAUX;FAUX;FAUX;FAUX;VRAI;FAUX;FAUX;FAUX;FAUX;FAUX;FAUX;FAUX;FAUX;FAUX;FAUX;FAUX;FAUX;FAUX;FAUX;FAUX;FAUX;FAUX;VRAI;FAUX;FAUX;FAUX;FAUX;FAUX;FAUX;FAUX;FAUX;FAUX;FAUX;FAUX;FAUX;FAUX;FAUX;FAUX;FAUX;FAUX;FAUX;FAUX;VRAI;FAUX;FAUX;FAUX;FAUX
44;cruise_071521;1;VRAI;FAUX;FAUX;FAUX;FAUX;FAUX;FAUX;FAUX;FAUX;VRAI;FAUX;FAUX;VRAI;FAUX;FAUX;FAUX;FAUX;FAUX;FAUX;FAUX;FAUX;FAUX;FAUX;FAUX;VRAI;FAUX;FAUX;FAUX;FAUX;FAUX;FAUX;FAUX;FAUX;FAUX;FAUX;FAUX;FAUX;FAUX;FAUX;FAUX;FAUX;FAUX;FAUX;VRAI;FAUX;FAUX;FAUX;FAUX;FAUX;FAUX
45;cruise_071521;2;VRAI;FAUX;FAUX;FAUX;FAUX;FAUX;FAUX;FAUX;FAUX;VRAI;FAUX;FAUX;VRAI;FAUX;FAUX;FAUX;FAUX;FAUX;FAUX;FAUX;FAUX;FAUX;FAUX;FAUX;FAUX;VRAI;FAUX;FAUX;FAUX;FAUX;FAUX;FAUX;FAUX;FAUX;FAUX;FAUX;FAUX;FAUX;FAUX;FAUX;FAUX;FAUX;FAUX;VRAI;FAUX;FAUX;FAUX;FAUX;FAUX;FAUX
46;Cruise_072621_redacted;1;VRAI;FAUX;FAUX;FAUX;FAUX;FAUX;FAUX;VRAI;FAUX;FAUX;FAUX;FAUX;VRAI;FAUX;FAUX;FAUX;FAUX;FAUX;FAUX;FAUX;FAUX;FAUX;FAUX;FAUX;FAUX;FAUX;FAUX;FAUX;VRAI;FAUX;FAUX;FAUX;FAUX;FAUX;FAUX;FAUX;FAUX;FAUX;FAUX;FAUX;FAUX;FAUX;FAUX;FAUX;FAUX;VRAI;FAUX;FAUX;FAUX;FAUX
47;Cruise_072621_redacted;2;VRAI;FAUX;FAUX;FAUX;FAUX;FAUX;FAUX;VRAI;FAUX;FAUX;FAUX;FAUX;VRAI;FAUX;FAUX;FAUX;FAUX;FAUX;FAUX;FAUX;FAUX;FAUX;FAUX;FAUX;FAUX;VRAI;FAUX;FAUX;FAUX;FAUX;FAUX;FAUX;FAUX;FAUX;FAUX;FAUX;FAUX;FAUX;FAUX;FAUX;FAUX;FAUX;VRAI;FAUX;FAUX;FAUX;FAUX;FAUX;FAUX;FAUX
48;Cruise_080221;1;VRAI;FAUX;FAUX;FAUX;FAUX;FAUX;FAUX;VRAI;FAUX;FAUX;FAUX;FAUX;VRAI;FAUX;FAUX;FAUX;FAUX;FAUX;FAUX;FAUX;FAUX;FAUX;FAUX;VRAI;FAUX;VRAI;FAUX;FAUX;FAUX;FAUX;FAUX;FAUX;FAUX;FAUX;FAUX;FAUX;FAUX;FAUX;FAUX;FAUX;FAUX;FAUX;FAUX;FAUX;FAUX;VRAI;FAUX;FAUX;FAUX;FAUX
49;Cruise_080221;2;VRAI;FAUX;FAUX;FAUX;FAUX;FAUX;FAUX;VRAI;FAUX;FAUX;FAUX;FAUX;VRAI;FAUX;FAUX;FAUX;FAUX;FAUX;FAUX;FAUX;FAUX;FAUX;FAUX;VRAI;FAUX;FAUX;FAUX;FAUX;FAUX;FAUX;FAUX;FAUX;FAUX;FAUX;FAUX;FAUX;FAUX;FAUX;FAUX;FAUX;FAUX;FAUX;VRAI;FAUX;FAUX;FAUX;FAUX;FAUX;FAUX;FAUX
50;cruise_082821;1;VRAI;FAUX;FAUX;FAUX;FAUX;FAUX;FAUX;FAUX;FAUX;VRAI;FAUX;FAUX;VRAI;FAUX;FAUX;FAUX;FAUX;FAUX;FAUX;FAUX;FAUX;FAUX;FAUX;VRAI;FAUX;VRAI;FAUX;FAUX;FAUX;FAUX;FAUX;FAUX;FAUX;FAUX;FAUX;FAUX;FAUX;FAUX;FAUX;FAUX;FAUX;FAUX;VRAI;FAUX;FAUX;FAUX;FAUX;FAUX;FAUX;FAUX
51;cruise_082821;2;VRAI;FAUX;FAUX;FAUX;FAUX;FAUX;FAUX;FAUX;FAUX;VRAI;FAUX;FAUX;VRAI;FAUX;FAUX;FAUX;FAUX;FAUX;FAUX;FAUX;FAUX;FAUX;FAUX;VRAI;FAUX;VRAI;FAUX;FAUX;FAUX;FAUX;FAUX;FAUX;FAUX;FAUX;FAUX;FAUX;FAUX;FAUX;FAUX;FAUX;FAUX;FAUX;FAUX;FAUX;FAUX;VRAI;FAUX;FAUX;FAUX;FAUX
52;cruise_083021;1;VRAI;FAUX;FAUX;FAUX;FAUX;FAUX;FAUX;FAUX;FAUX;VRAI;FAUX;FAUX;VRAI;FAUX;FAUX;FAUX;FAUX;FAUX;FAUX;FAUX;FAUX;FAUX;FAUX;VRAI;FAUX;FAUX;FAUX;FAUX;FAUX;FAUX;FAUX;FAUX;FAUX;FAUX;FAUX;FAUX;FAUX;FAUX;VRAI;FAUX;FAUX;FAUX;FAUX;FAUX;VRAI;FAUX;FAUX;FAUX;FAUX;FAUX
53;cruise_083021;2;VRAI;FAUX;FAUX;FAUX;FAUX;FAUX;FAUX;FAUX;FAUX;VRAI;FAUX;FAUX;VRAI;FAUX;FAUX;FAUX;FAUX;FAUX;FAUX;FAUX;FAUX;FAUX;FAUX;VRAI;FAUX;FAUX;FAUX;FAUX;FAUX;FAUX;FAUX;FAUX;FAUX;FAUX;VRAI;FAUX;FAUX;FAUX;FAUX;FAUX;FAUX;FAUX;VRAI;FAUX;FAUX;FAUX;FAUX;FAUX;FAUX;FAUX
54;cruise_100221;1;VRAI;FAUX;FAUX;FAUX;FAUX;FAUX;FAUX;FAUX;FAUX;VRAI;FAUX;FAUX;VRAI;FAUX;FAUX;FAUX;FAUX;FAUX;FAUX;FAUX;FAUX;FAUX;FAUX;VRAI;VRAI;FAUX;FAUX;FAUX;FAUX;FAUX;FAUX;FAUX;FAUX;FAUX;FAUX;FAUX;FAUX;FAUX;FAUX;FAUX;FAUX;FAUX;VRAI;FAUX;FAUX;FAUX;FAUX;FAUX;FAUX;FAUX
55;cruise_100221;2;VRAI;FAUX;FAUX;FAUX;FAUX;FAUX;FAUX;FAUX;FAUX;VRAI;FAUX;FAUX;VRAI;FAUX;FAUX;FAUX;FAUX;FAUX;FAUX;FAUX;FAUX;FAUX;FAUX;VRAI;FAUX;FAUX;FAUX;FAUX;FAUX;FAUX;VRAI;FAUX;FAUX;FAUX;FAUX;FAUX;FAUX;FAUX;FAUX;FAUX;FAUX;FAUX;FAUX;FAUX;VRAI;FAUX;FAUX;FAUX;FAUX;FAUX
56;Cruise_OL316_092521_Redacted;1;VRAI;FAUX;FAUX;FAUX;FAUX;FAUX;FAUX;VRAI;FAUX;FAUX;FAUX;FAUX;FAUX;FAUX;FAUX;FAUX;FAUX;FAUX;FAUX;FAUX;FAUX;FAUX;FAUX;VRAI;VRAI;FAUX;FAUX;FAUX;FAUX;FAUX;FAUX;FAUX;FAUX;FAUX;FAUX;FAUX;FAUX;FAUX;FAUX;FAUX;FAUX;FAUX;FAUX;FAUX;VRAI;FAUX;FAUX;FAUX;FAUX;FAUX
57;Cruise_OL316_092521_Redacted;2;VRAI;FAUX;FAUX;FAUX;FAUX;FAUX;FAUX;VRAI;FAUX;FAUX;FAUX;FAUX;FAUX;FAUX;FAUX;FAUX;FAUX;FAUX;FAUX;FAUX;FAUX;FAUX;FAUX;VRAI;FAUX;VRAI;FAUX;FAUX;FAUX;FAUX;FAUX;FAUX;FAUX;FAUX;FAUX;FAUX;FAUX;FAUX;FAUX;FAUX;FAUX;FAUX;VRAI;FAUX;FAUX;FAUX;FAUX;FAUX;FAUX;FAUX
58;Lyft_OL316_041421_Redacted;1;VRAI;FAUX;FAUX;FAUX;FAUX;FAUX;FAUX;VRAI;FAUX;FAUX;FAUX;FAUX;VRAI;FAUX;FAUX;FAUX;FAUX;FAUX;FAUX;FAUX;FAUX;FAUX;FAUX;FAUX;FAUX;FAUX;FAUX;VRAI;FAUX;FAUX;FAUX;FAUX;FAUX;FAUX;FAUX;FAUX;FAUX;FAUX;FAUX;FAUX;FAUX;FAUX;FAUX;FAUX;FAUX;FAUX;FAUX;FAUX;FAUX;FAUX
59;Lyft_OL316_041421_Redacted;2;VRAI;FAUX;FAUX;FAUX;FAUX;FAUX;FAUX;VRAI;FAUX;FAUX;FAUX;FAUX;VRAI;FAUX;FAUX;FAUX;FAUX;FAUX;FAUX;FAUX;VRAI;FAUX;VRAI;FAUX;FAUX;VRAI;FAUX;FAUX;FAUX;FAUX;FAUX;FAUX;VRAI;FAUX;FAUX;FAUX;FAUX;FAUX;FAUX;FAUX;FAUX;FAUX;FAUX;VRAI;FAUX;FAUX;FAUX;FAUX;FAUX;FAUX
60;Pony;1;VRAI;FAUX;FAUX;FAUX;FAUX;FAUX;FAUX;VRAI;FAUX;FAUX;FAUX;FAUX;VRAI;FAUX;FAUX;FAUX;FAUX;FAUX;FAUX;FAUX;FAUX;FAUX;FAUX;VRAI;FAUX;FAUX;FAUX;FAUX;FAUX;FAUX;FAUX;FAUX;FAUX;VRAI;FAUX;FAUX;FAUX;FAUX;FAUX;FAUX;FAUX;FAUX;FAUX;FAUX;FAUX;FAUX;VRAI;FAUX;FAUX;FAUX
61;Pony;2;FAUX;FAUX;FAUX;FAUX;FAUX;FAUX;FAUX;FAUX;FAUX;FAUX;FAUX;FAUX;FAUX;FAUX;FAUX;FAUX;FAUX;FAUX;FAUX;FAUX;FAUX;FAUX;FAUX;FAUX;FAUX;FAUX;FAUX;FAUX;FAUX;FAUX;FAUX;FAUX;FAUX;FAUX;FAUX;FAUX;FAUX;FAUX;FAUX;FAUX;FAUX;FAUX;FAUX;FAUX;FAUX;FAUX;FAUX;FAUX;FAUX;FAUX
62;Pony;1;VRAI;FAUX;FAUX;FAUX;FAUX;FAUX;FAUX;VRAI;FAUX;FAUX;FAUX;FAUX;VRAI;FAUX;FAUX;FAUX;FAUX;FAUX;FAUX;FAUX;FAUX;FAUX;FAUX;VRAI;VRAI;FAUX;FAUX;FAUX;FAUX;FAUX;FAUX;FAUX;FAUX;FAUX;FAUX;FAUX;FAUX;FAUX;FAUX;FAUX;FAUX;FAUX;FAUX;FAUX;FAUX;FAUX;FAUX;FAUX;FAUX;FAUX
63;Pony;2;VRAI;FAUX;FAUX;FAUX;FAUX;FAUX;FAUX;VRAI;FAUX;FAUX;FAUX;FAUX;VRAI;FAUX;FAUX;FAUX;FAUX;FAUX;FAUX;FAUX;FAUX;FAUX;FAUX;VRAI;FAUX;VRAI;FAUX;FAUX;FAUX;FAUX;FAUX;FAUX;FAUX;FAUX;FAUX;FAUX;FAUX;FAUX;FAUX;FAUX;FAUX;FAUX;VRAI;FAUX;FAUX;FAUX;FAUX;FAUX;FAUX;FAUX
64;Waymo-OL316_030521_Redacted;1;FAUX;FAUX;VRAI;FAUX;FAUX;FAUX;FAUX;FAUX;FAUX;VRAI;FAUX;FAUX;VRAI;FAUX;FAUX;FAUX;FAUX;FAUX;FAUX;FAUX;FAUX;FAUX;FAUX;VRAI;FAUX;FAUX;FAUX;FAUX;FAUX;FAUX;FAUX;VRAI;FAUX;FAUX;FAUX;FAUX;FAUX;FAUX;FAUX;FAUX;FAUX;FAUX;FAUX;FAUX;FAUX;FAUX;FAUX;FAUX;FAUX;FAUX
65;Waymo-OL316_030521_Redacted;2;FAUX;FAUX;VRAI;FAUX;FAUX;FAUX;FAUX;FAUX;FAUX;VRAI;FAUX;FAUX;VRAI;FAUX;FAUX;FAUX;FAUX;FAUX;FAUX;FAUX;FAUX;FAUX;FAUX;VRAI;FAUX;VRAI;FAUX;FAUX;FAUX;FAUX;FAUX;FAUX;FAUX;FAUX;FAUX;FAUX;FAUX;FAUX;FAUX;FAUX;FAUX;FAUX;FAUX;FAUX;VRAI;FAUX;FAUX;FAUX;FAUX;FAUX
66;Waymo-OL316_081321_Redacted;1;FAUX;VRAI;FAUX;FAUX;FAUX;FAUX;FAUX;VRAI;FAUX;FAUX;FAUX;FAUX;VRAI;FAUX;FAUX;FAUX;FAUX;FAUX;FAUX;FAUX;FAUX;FAUX;FAUX;VRAI;FAUX;VRAI;FAUX;FAUX;FAUX;FAUX;FAUX;FAUX;FAUX;FAUX;FAUX;FAUX;FAUX;FAUX;FAUX;FAUX;FAUX;FAUX;FAUX;FAUX;FAUX;FAUX;FAUX;FAUX;FAUX;FAUX
67;Waymo-OL316_081321_Redacted;2;FAUX;VRAI;FAUX;FAUX;FAUX;FAUX;FAUX;VRAI;FAUX;FAUX;FAUX;FAUX;VRAI;FAUX;FAUX;FAUX;FAUX;FAUX;FAUX;FAUX;FAUX;FAUX;FAUX;VRAI;FAUX;VRAI;FAUX;FAUX;FAUX;FAUX;FAUX;FAUX;FAUX;FAUX;FAUX;FAUX;FAUX;FAUX;FAUX;FAUX;FAUX;FAUX;FAUX;FAUX;VRAI;FAUX;FAUX;FAUX;FAUX;FAUX
68;Waymo-OL316_083121_Redacted-1;1;VRAI;FAUX;FAUX;FAUX;FAUX;FAUX;FAUX;VRAI;FAUX;FAUX;FAUX;FAUX;VRAI;FAUX;FAUX;FAUX;FAUX;FAUX;FAUX;FAUX;FAUX;FAUX;FAUX;VRAI;FAUX;FAUX;FAUX;FAUX;FAUX;FAUX;FAUX;FAUX;FAUX;FAUX;FAUX;VRAI;FAUX;FAUX;FAUX;FAUX;FAUX;FAUX;FAUX;VRAI;FAUX;FAUX;FAUX;FAUX;FAUX;FAUX
69;Waymo-OL316_083121_Redacted-1;2;VRAI;FAUX;FAUX;FAUX;FAUX;FAUX;FAUX;VRAI;FAUX;FAUX;FAUX;FAUX;VRAI;FAUX;FAUX;FAUX;FAUX;FAUX;FAUX;FAUX;FAUX;FAUX;FAUX;VRAI;FAUX;FAUX;FAUX;FAUX;FAUX;FAUX;FAUX;FAUX;VRAI;FAUX;FAUX;FAUX;FAUX;FAUX;FAUX;FAUX;FAUX;FAUX;FAUX;FAUX;FAUX;FAUX;FAUX;FAUX;FAUX;FAUX
70;Waymo-OL316_083121_Redacted-2;1;VRAI;FAUX;FAUX;FAUX;FAUX;FAUX;FAUX;VRAI;FAUX;FAUX;FAUX;FAUX;VRAI;FAUX;FAUX;FAUX;FAUX;FAUX;FAUX;FAUX;FAUX;FAUX;FAUX;VRAI;FAUX;FAUX;FAUX;FAUX;FAUX;FAUX;VRAI;FAUX;FAUX;FAUX;FAUX;FAUX;FAUX;FAUX;FAUX;FAUX;FAUX;FAUX;FAUX;FAUX;FAUX;FAUX;FAUX;FAUX;FAUX;FAUX
71;Waymo-OL316_083121_Redacted-2;2;VRAI;FAUX;FAUX;FAUX;FAUX;FAUX;FAUX;VRAI;FAUX;FAUX;FAUX;FAUX;VRAI;FAUX;FAUX;FAUX;FAUX;FAUX;FAUX;FAUX;FAUX;FAUX;FAUX;VRAI;FAUX;FAUX;FAUX;FAUX;FAUX;FAUX;FAUX;FAUX;FAUX;FAUX;FAUX;FAUX;FAUX;FAUX;VRAI;FAUX;FAUX;FAUX;FAUX;FAUX;FAUX;FAUX;FAUX;FAUX;FAUX;FAUX
72;Waymo-OL316_090221_Redacted;1;VRAI;FAUX;FAUX;FAUX;FAUX;FAUX;FAUX;FAUX;FAUX;VRAI;FAUX;FAUX;VRAI;FAUX;FAUX;FAUX;FAUX;FAUX;FAUX;FAUX;FAUX;FAUX;FAUX;VRAI;FAUX;FAUX;FAUX;FAUX;FAUX;FAUX;VRAI;FAUX;FAUX;FAUX;FAUX;FAUX;FAUX;FAUX;FAUX;FAUX;FAUX;FAUX;FAUX;FAUX;FAUX;FAUX;FAUX;FAUX;FAUX;VRAI
73;Waymo-OL316_090221_Redacted;2;VRAI;FAUX;FAUX;FAUX;FAUX;FAUX;FAUX;FAUX;FAUX;VRAI;FAUX;FAUX;VRAI;FAUX;FAUX;FAUX;FAUX;FAUX;FAUX;FAUX;FAUX;FAUX;FAUX;VRAI;FAUX;FAUX;FAUX;FAUX;FAUX;FAUX;FAUX;FAUX;FAUX;FAUX;FAUX;FAUX;FAUX;FAUX;VRAI;FAUX;FAUX;FAUX;FAUX;FAUX;FAUX;FAUX;FAUX;FAUX;FAUX;FAUX
74;Waymo-OL316_091621_Redacted;1;VRAI;FAUX;FAUX;FAUX;FAUX;FAUX;FAUX;VRAI;FAUX;FAUX;FAUX;FAUX;VRAI;FAUX;FAUX;FAUX;FAUX;FAUX;FAUX;FAUX;FAUX;FAUX;FAUX;VRAI;FAUX;FAUX;FAUX;FAUX;VRAI;FAUX;FAUX;FAUX;FAUX;FAUX;FAUX;FAUX;FAUX;FAUX;FAUX;FAUX;FAUX;FAUX;FAUX;FAUX;FAUX;FAUX;FAUX;FAUX;FAUX;FAUX
75;Waymo-OL316_091621_Redacted;2;VRAI;FAUX;FAUX;FAUX;FAUX;FAUX;FAUX;VRAI;FAUX;FAUX;FAUX;FAUX;VRAI;FAUX;FAUX;FAUX;FAUX;FAUX;FAUX;FAUX;FAUX;FAUX;FAUX;VRAI;FAUX;FAUX;FAUX;FAUX;FAUX;FAUX;FAUX;FAUX;VRAI;FAUX;FAUX;FAUX;FAUX;FAUX;FAUX;FAUX;FAUX;FAUX;FAUX;VRAI;FAUX;FAUX;FAUX;FAUX;FAUX;FAUX
76;Waymo-OL316_091721_Redacted-1;1;VRAI;FAUX;FAUX;FAUX;FAUX;FAUX;FAUX;VRAI;FAUX;FAUX;FAUX;FAUX;VRAI;FAUX;FAUX;FAUX;FAUX;FAUX;FAUX;FAUX;FAUX;FAUX;FAUX;VRAI;VRAI;FAUX;FAUX;FAUX;FAUX;FAUX;FAUX;FAUX;FAUX;FAUX;FAUX;FAUX;FAUX;FAUX;FAUX;FAUX;FAUX;FAUX;FAUX;FAUX;FAUX;FAUX;FAUX;FAUX;FAUX;FAUX
77;Waymo-OL316_091721_Redacted-1;2;VRAI;FAUX;FAUX;FAUX;FAUX;FAUX;FAUX;VRAI;FAUX;FAUX;FAUX;FAUX;VRAI;FAUX;FAUX;FAUX;FAUX;FAUX;FAUX;FAUX;FAUX;FAUX;FAUX;VRAI;FAUX;VRAI;FAUX;FAUX;FAUX;FAUX;FAUX;FAUX;FAUX;FAUX;FAUX;FAUX;FAUX;FAUX;FAUX;FAUX;FAUX;FAUX;FAUX;VRAI;FAUX;FAUX;FAUX;FAUX;FAUX;FAUX
78;Waymo-OL316_091721_Redacted-2;1;VRAI;FAUX;FAUX;FAUX;FAUX;FAUX;FAUX;VRAI;FAUX;FAUX;FAUX;FAUX;VRAI;FAUX;FAUX;FAUX;FAUX;FAUX;FAUX;FAUX;FAUX;FAUX;FAUX;VRAI;VRAI;FAUX;FAUX;FAUX;FAUX;FAUX;FAUX;FAUX;FAUX;FAUX;FAUX;FAUX;FAUX;FAUX;FAUX;FAUX;FAUX;FAUX;FAUX;FAUX;FAUX;FAUX;FAUX;FAUX;FAUX;FAUX
79;Waymo-OL316_091721_Redacted-2;2;VRAI;FAUX;FAUX;FAUX;FAUX;FAUX;FAUX;VRAI;FAUX;FAUX;FAUX;FAUX;VRAI;FAUX;FAUX;FAUX;FAUX;FAUX;FAUX;FAUX;FAUX;FAUX;FAUX;VRAI;FAUX;FAUX;FAUX;FAUX;FAUX;FAUX;VRAI;FAUX;FAUX;FAUX;FAUX;FAUX;FAUX;FAUX;FAUX;FAUX;FAUX;FAUX;FAUX;VRAI;FAUX;FAUX;FAUX;FAUX;FAUX;FAUX
80;Waymo-OL316_100721_Redacted;1;VRAI;FAUX;FAUX;FAUX;FAUX;FAUX;FAUX;FAUX;FAUX;VRAI;FAUX;FAUX;VRAI;FAUX;FAUX;FAUX;FAUX;FAUX;FAUX;FAUX;FAUX;FAUX;FAUX;VRAI;VRAI;FAUX;FAUX;FAUX;FAUX;FAUX;FAUX;FAUX;FAUX;FAUX;FAUX;FAUX;FAUX;FAUX;FAUX;FAUX;FAUX;FAUX;FAUX;FAUX;FAUX;FAUX;FAUX;FAUX;FAUX;FAUX
81;Waymo-OL316_100721_Redacted;2;VRAI;FAUX;FAUX;FAUX;FAUX;FAUX;FAUX;FAUX;FAUX;VRAI;FAUX;FAUX;VRAI;FAUX;FAUX;FAUX;FAUX;FAUX;FAUX;FAUX;FAUX;FAUX;FAUX;VRAI;FAUX;FAUX;FAUX;FAUX;FAUX;FAUX;FAUX;FAUX;FAUX;FAUX;FAUX;FAUX;FAUX;FAUX;FAUX;FAUX;FAUX;FAUX;FAUX;VRAI;FAUX;FAUX;FAUX;FAUX;FAUX;FAUX
82;Waymo-OL316_100821_Redacted-1;1;FAUX;VRAI;FAUX;FAUX;FAUX;FAUX;FAUX;FAUX;VRAI;FAUX;FAUX;FAUX;VRAI;FAUX;FAUX;FAUX;FAUX;FAUX;FAUX;FAUX;FAUX;FAUX;FAUX;VRAI;FAUX;FAUX;FAUX;FAUX;FAUX;FAUX;FAUX;FAUX;FAUX;FAUX;VRAI;FAUX;FAUX;FAUX;FAUX;FAUX;FAUX;FAUX;VRAI;FAUX;FAUX;FAUX;FAUX;FAUX;FAUX;FAUX
83;Waymo-OL316_100821_Redacted-1;2;FAUX;VRAI;FAUX;FAUX;FAUX;FAUX;FAUX;FAUX;VRAI;FAUX;FAUX;FAUX;VRAI;FAUX;FAUX;FAUX;FAUX;FAUX;FAUX;FAUX;FAUX;FAUX;FAUX;VRAI;FAUX;FAUX;FAUX;FAUX;FAUX;FAUX;FAUX;FAUX;FAUX;FAUX;FAUX;FAUX;FAUX;FAUX;VRAI;FAUX;FAUX;FAUX;FAUX;FAUX;FAUX;FAUX;FAUX;FAUX;FAUX;FAUX
84;Waymo-OL316_100821_Redacted-2;1;VRAI;FAUX;FAUX;FAUX;FAUX;FAUX;FAUX;FAUX;VRAI;FAUX;FAUX;FAUX;VRAI;FAUX;FAUX;FAUX;FAUX;FAUX;FAUX;FAUX;FAUX;FAUX;FAUX;VRAI;VRAI;FAUX;FAUX;FAUX;FAUX;FAUX;FAUX;FAUX;FAUX;FAUX;FAUX;FAUX;FAUX;FAUX;FAUX;FAUX;FAUX;FAUX;FAUX;FAUX;FAUX;FAUX;FAUX;FAUX;FAUX;FAUX
85;Waymo-OL316_100821_Redacted-2;2;VRAI;FAUX;FAUX;FAUX;FAUX;FAUX;FAUX;FAUX;VRAI;FAUX;FAUX;FAUX;VRAI;FAUX;FAUX;FAUX;FAUX;FAUX;FAUX;FAUX;FAUX;FAUX;FAUX;VRAI;FAUX;FAUX;FAUX;FAUX;FAUX;FAUX;VRAI;FAUX;FAUX;FAUX;FAUX;FAUX;FAUX;FAUX;FAUX;FAUX;FAUX;FAUX;VRAI;FAUX;FAUX;FAUX;FAUX;FAUX;FAUX;FAUX