Column1;crash;car;clear;cloudy;raining;snowing;fog/visibility;other weather;wind;daylight;dusk-dawn;dark-street lights;dark-no street lights;dark-street lights not functioning;dry;wet;snowy-icy;slippery (muddy, oily, etc.);holes, deep rut;loose material on roadway;obstruction on roadway;construction - repair zone;reduced roadway width;flooded;other condition;no unusual conditions;stopped;proceeding straight;ran off road;making right turn;making left turn;making u turn;backing;slowing/stopping;passing other vehicle;changing lanes;parking manuever;entering traffic;other unsafe turning;xing into opposing lane;parked;merging;traveling wrong way;other movement;head-on;side swipe;rear end;broadside;hit object;overturned;vehicle/pedestrian;other type of collision
130;waymo_071221;1;FAUX;VRAI;FAUX;FAUX;FAUX;FAUX;FAUX;VRAI;FAUX;FAUX;FAUX;FAUX;VRAI;FAUX;FAUX;FAUX;FAUX;FAUX;FAUX;FAUX;FAUX;FAUX;FAUX;VRAI;FAUX;FAUX;FAUX;FAUX;VRAI;FAUX;FAUX;FAUX;FAUX;FAUX;FAUX;FAUX;FAUX;FAUX;FAUX;FAUX;FAUX;FAUX;FAUX;FAUX;FAUX;VRAI;FAUX;FAUX;FAUX;FAUX
131;waymo_071221;2;FAUX;VRAI;FAUX;FAUX;FAUX;FAUX;FAUX;VRAI;FAUX;FAUX;FAUX;FAUX;VRAI;FAUX;FAUX;FAUX;FAUX;FAUX;FAUX;FAUX;FAUX;FAUX;FAUX;VRAI;FAUX;VRAI;FAUX;FAUX;FAUX;FAUX;FAUX;FAUX;FAUX;FAUX;FAUX;FAUX;FAUX;FAUX;FAUX;FAUX;FAUX;FAUX;VRAI;FAUX;FAUX;FAUX;FAUX;FAUX;FAUX;FAUX
132;waymo_071421;1;VRAI;FAUX;FAUX;FAUX;FAUX;FAUX;FAUX;VRAI;FAUX;FAUX;FAUX;FAUX;VRAI;FAUX;FAUX;FAUX;FAUX;FAUX;FAUX;FAUX;FAUX;FAUX;FAUX;VRAI;FAUX;VRAI;FAUX;FAUX;FAUX;FAUX;FAUX;FAUX;FAUX;FAUX;FAUX;FAUX;FAUX;FAUX;FAUX;FAUX;FAUX;FAUX;FAUX;FAUX;FAUX;FAUX;FAUX;FAUX;FAUX;VRAI
133;waymo_071421;2;VRAI;FAUX;FAUX;FAUX;FAUX;FAUX;FAUX;VRAI;FAUX;FAUX;FAUX;FAUX;VRAI;FAUX;FAUX;FAUX;FAUX;FAUX;FAUX;FAUX;FAUX;FAUX;FAUX;VRAI;FAUX;FAUX;FAUX;FAUX;FAUX;FAUX;FAUX;FAUX;FAUX;FAUX;FAUX;FAUX;FAUX;FAUX;FAUX;FAUX;FAUX;VRAI;FAUX;FAUX;FAUX;FAUX;FAUX;FAUX;FAUX;VRAI
134;Waymo_080121;1;VRAI;FAUX;FAUX;FAUX;FAUX;FAUX;FAUX;VRAI;FAUX;FAUX;FAUX;FAUX;VRAI;FAUX;FAUX;FAUX;FAUX;FAUX;FAUX;FAUX;FAUX;FAUX;FAUX;VRAI;VRAI;FAUX;FAUX;FAUX;FAUX;FAUX;FAUX;FAUX;FAUX;FAUX;FAUX;FAUX;FAUX;FAUX;FAUX;FAUX;FAUX;FAUX;FAUX;FAUX;FAUX;VRAI;FAUX;FAUX;FAUX;FAUX
135;Waymo_080121;2;FAUX;FAUX;FAUX;FAUX;FAUX;FAUX;FAUX;FAUX;FAUX;FAUX;FAUX;FAUX;FAUX;FAUX;FAUX;FAUX;FAUX;FAUX;FAUX;FAUX;FAUX;FAUX;FAUX;FAUX;FAUX;FAUX;FAUX;FAUX;FAUX;FAUX;FAUX;FAUX;FAUX;FAUX;FAUX;FAUX;FAUX;FAUX;FAUX;FAUX;FAUX;FAUX;FAUX;FAUX;FAUX;FAUX;FAUX;FAUX;FAUX;FAUX
136;waymo_080521;1;FAUX;VRAI;FAUX;FAUX;FAUX;FAUX;FAUX;VRAI;FAUX;FAUX;FAUX;FAUX;FAUX;VRAI;FAUX;FAUX;FAUX;FAUX;FAUX;FAUX;FAUX;FAUX;FAUX;VRAI;FAUX;VRAI;FAUX;FAUX;FAUX;FAUX;FAUX;FAUX;FAUX;FAUX;FAUX;FAUX;FAUX;FAUX;FAUX;FAUX;FAUX;FAUX;FAUX;FAUX;VRAI;FAUX;FAUX;FAUX;FAUX;FAUX
137;waymo_080521;2;FAUX;VRAI;FAUX;FAUX;FAUX;FAUX;FAUX;VRAI;FAUX;FAUX;FAUX;FAUX;FAUX;VRAI;FAUX;FAUX;FAUX;FAUX;FAUX;FAUX;FAUX;FAUX;FAUX;VRAI;FAUX;FAUX;FAUX;FAUX;FAUX;FAUX;FAUX;FAUX;FAUX;FAUX;FAUX;FAUX;FAUX;FAUX;VRAI;FAUX;FAUX;FAUX;FAUX;FAUX;FAUX;FAUX;FAUX;FAUX;FAUX;FAUX
138;Waymo_081421_pdf;1;VRAI;FAUX;FAUX;FAUX;FAUX;FAUX;FAUX;VRAI;FAUX;FAUX;FAUX;FAUX;VRAI;FAUX;FAUX;FAUX;FAUX;FAUX;FAUX;FAUX;FAUX;FAUX;FAUX;VRAI;FAUX;FAUX;FAUX;VRAI;FAUX;FAUX;FAUX;FAUX;FAUX;FAUX;FAUX;FAUX;FAUX;FAUX;FAUX;FAUX;FAUX;FAUX;FAUX;VRAI;FAUX;FAUX;FAUX;FAUX;FAUX;FAUX
139;Waymo_081421_pdf;2;VRAI;FAUX;FAUX;FAUX;FAUX;FAUX;FAUX;VRAI;FAUX;FAUX;FAUX;FAUX;VRAI;FAUX;FAUX;FAUX;FAUX;FAUX;FAUX;FAUX;FAUX;FAUX;FAUX;VRAI;FAUX;FAUX;FAUX;FAUX;FAUX;FAUX;FAUX;FAUX;FAUX;FAUX;FAUX;FAUX;FAUX;FAUX;VRAI;FAUX;FAUX;FAUX;FAUX;FAUX;FAUX;FAUX;FAUX;FAUX;FAUX;FAUX
140;waymo_082121;1;FAUX;VRAI;FAUX;FAUX;FAUX;FAUX;FAUX;VRAI;FAUX;FAUX;FAUX;FAUX;VRAI;FAUX;FAUX;FAUX;FAUX;FAUX;FAUX;FAUX;FAUX;FAUX;FAUX;VRAI;VRAI;FAUX;FAUX;FAUX;FAUX;FAUX;FAUX;FAUX;FAUX;FAUX;FAUX;FAUX;FAUX;FAUX;FAUX;FAUX;FAUX;FAUX;FAUX;FAUX;FAUX;FAUX;FAUX;FAUX;FAUX;FAUX
141;waymo_082121;2;FAUX;VRAI;FAUX;FAUX;FAUX;FAUX;FAUX;VRAI;FAUX;FAUX;FAUX;FAUX;VRAI;FAUX;FAUX;FAUX;FAUX;FAUX;FAUX;FAUX;FAUX;FAUX;FAUX;VRAI;FAUX;VRAI;FAUX;FAUX;FAUX;FAUX;FAUX;FAUX;FAUX;FAUX;FAUX;FAUX;FAUX;FAUX;FAUX;FAUX;FAUX;FAUX;FAUX;FAUX;VRAI;FAUX;FAUX;FAUX;FAUX;FAUX
142;waymo_082721;1;VRAI;FAUX;FAUX;FAUX;FAUX;FAUX;FAUX;VRAI;FAUX;FAUX;FAUX;FAUX;VRAI;FAUX;FAUX;FAUX;FAUX;FAUX;FAUX;FAUX;FAUX;FAUX;FAUX;VRAI;VRAI;FAUX;FAUX;FAUX;FAUX;FAUX;FAUX;FAUX;FAUX;FAUX;FAUX;FAUX;FAUX;FAUX;FAUX;FAUX;FAUX;FAUX;FAUX;FAUX;FAUX;FAUX;FAUX;FAUX;FAUX;FAUX
143;waymo_082721;2;VRAI;FAUX;FAUX;FAUX;FAUX;FAUX;FAUX;VRAI;FAUX;FAUX;FAUX;FAUX;VRAI;FAUX;FAUX;FAUX;FAUX;FAUX;FAUX;FAUX;FAUX;FAUX;FAUX;VRAI;FAUX;VRAI;FAUX;FAUX;FAUX;FAUX;FAUX;FAUX;FAUX;FAUX;FAUX;FAUX;FAUX;FAUX;FAUX;FAUX;FAUX;FAUX;FAUX;FAUX;VRAI;FAUX;FAUX;FAUX;FAUX;FAUX
144;waymo_100121;1;VRAI;FAUX;FAUX;FAUX;FAUX;FAUX;FAUX;VRAI;FAUX;FAUX;FAUX;FAUX;VRAI;FAUX;FAUX;FAUX;FAUX;FAUX;FAUX;FAUX;FAUX;FAUX;FAUX;VRAI;VRAI;FAUX;FAUX;FAUX;FAUX;FAUX;FAUX;FAUX;FAUX;FAUX;FAUX;FAUX;FAUX;FAUX;FAUX;FAUX;FAUX;FAUX;FAUX;FAUX;FAUX;FAUX;FAUX;FAUX;FAUX;FAUX
145;waymo_100121;2;VRAI;FAUX;FAUX;FAUX;FAUX;FAUX;FAUX;VRAI;FAUX;FAUX;FAUX;FAUX;VRAI;FAUX;FAUX;FAUX;FAUX;FAUX;FAUX;FAUX;FAUX;FAUX;FAUX;VRAI;FAUX;VRAI;FAUX;FAUX;FAUX;FAUX;FAUX;FAUX;FAUX;FAUX;FAUX;FAUX;FAUX;FAUX;FAUX;FAUX;FAUX;FAUX;FAUX;FAUX;VRAI;FAUX;FAUX;FAUX;FAUX;FAUX
146;waymo_OL316_052321_Redacted;1;VRAI;FAUX;FAUX;FAUX;FAUX;FAUX;FAUX;VRAI;FAUX;FAUX;FAUX;FAUX;VRAI;FAUX;FAUX;FAUX;FAUX;FAUX;FAUX;FAUX;FAUX;FAUX;FAUX;VRAI;VRAI;FAUX;FAUX;FAUX;FAUX;FAUX;FAUX;FAUX;FAUX;FAUX;FAUX;FAUX;FAUX;FAUX;FAUX;FAUX;FAUX;FAUX;FAUX;FAUX;FAUX;FAUX;FAUX;FAUX;FAUX;FAUX
147;waymo_OL316_052321_Redacted;2;VRAI;FAUX;FAUX;FAUX;FAUX;FAUX;FAUX;VRAI;FAUX;FAUX;FAUX;FAUX;VRAI;FAUX;FAUX;FAUX;FAUX;FAUX;FAUX;FAUX;FAUX;FAUX;FAUX;VRAI;FAUX;VRAI;FAUX;FAUX;FAUX;FAUX;FAUX;FAUX;FAUX;FAUX;FAUX;FAUX;FAUX;FAUX;FAUX;FAUX;FAUX;FAUX;FAUX;FAUX;VRAI;FAUX;FAUX;FAUX;FAUX;FAUX
148;Waymo_OL316_092221_Redacted;1;VRAI;FAUX;FAUX;FAUX;FAUX;FAUX;FAUX;FAUX;FAUX;VRAI;FAUX;FAUX;VRAI;FAUX;FAUX;FAUX;FAUX;FAUX;FAUX;FAUX;FAUX;FAUX;FAUX;VRAI;VRAI;FAUX;FAUX;FAUX;FAUX;FAUX;FAUX;FAUX;FAUX;FAUX;FAUX;FAUX;FAUX;FAUX;FAUX;FAUX;FAUX;FAUX;FAUX;FAUX;FAUX;FAUX;FAUX;FAUX;FAUX;FAUX
149;Waymo_OL316_092221_Redacted;2;VRAI;FAUX;FAUX;FAUX;FAUX;FAUX;FAUX;FAUX;FAUX;VRAI;FAUX;FAUX;VRAI;FAUX;FAUX;FAUX;FAUX;FAUX;FAUX;FAUX;FAUX;FAUX;FAUX;VRAI;FAUX;VRAI;FAUX;FAUX;FAUX;FAUX;FAUX;FAUX;FAUX;FAUX;FAUX;FAUX;FAUX;FAUX;FAUX;FAUX;FAUX;FAUX;FAUX;FAUX;VRAI;FAUX;FAUX;FAUX;FAUX;FAUX
150;WeRide-OL316_062921_Redacted;1;VRAI;FAUX;FAUX;FAUX;FAUX;FAUX;FAUX;VRAI;FAUX;FAUX;FAUX;FAUX;VRAI;FAUX;FAUX;FAUX;FAUX;FAUX;FAUX;FAUX;FAUX;FAUX;FAUX;VRAI;FAUX;VRAI;FAUX;FAUX;FAUX;FAUX;FAUX;FAUX;FAUX;FAUX;FAUX;FAUX;FAUX;FAUX;FAUX;FAUX;FAUX;FAUX;FAUX;VRAI;FAUX;FAUX;FAUX;FAUX;FAUX;FAUX
151;WeRide-OL316_062921_Redacted;2;VRAI;FAUX;FAUX;FAUX;FAUX;FAUX;FAUX;VRAI;FAUX;FAUX;FAUX;FAUX;VRAI;FAUX;FAUX;FAUX;FAUX;FAUX;FAUX;FAUX;FAUX;FAUX;FAUX;VRAI;FAUX;FAUX;FAUX;FAUX;FAUX;FAUX;FAUX;FAUX;FAUX;VRAI;FAUX;FAUX;FAUX;FAUX;FAUX;FAUX;FAUX;FAUX;FAUX;VRAI;FAUX;FAUX;FAUX;FAUX;FAUX;FAUX
152;WeRide-OL316_110321_Redacted;1;VRAI;FAUX;FAUX;FAUX;FAUX;FAUX;FAUX;VRAI;FAUX;FAUX;FAUX;FAUX;VRAI;FAUX;FAUX;FAUX;FAUX;FAUX;FAUX;FAUX;FAUX;FAUX;FAUX;VRAI;VRAI;FAUX;FAUX;FAUX;FAUX;FAUX;FAUX;FAUX;FAUX;FAUX;FAUX;FAUX;FAUX;FAUX;FAUX;FAUX;FAUX;FAUX;FAUX;FAUX;VRAI;FAUX;FAUX;FAUX;FAUX;FAUX
153;WeRide-OL316_110321_Redacted;2;VRAI;FAUX;FAUX;FAUX;FAUX;FAUX;FAUX;VRAI;FAUX;FAUX;FAUX;FAUX;VRAI;FAUX;FAUX;FAUX;FAUX;FAUX;FAUX;FAUX;FAUX;FAUX;FAUX;VRAI;FAUX;VRAI;FAUX;FAUX;FAUX;FAUX;FAUX;FAUX;FAUX;FAUX;FAUX;FAUX;FAUX;FAUX;FAUX;FAUX;FAUX;FAUX;FAUX;FAUX;VRAI;FAUX;FAUX;FAUX;FAUX;FAUX
154;weride_071621;1;VRAI;FAUX;FAUX;FAUX;FAUX;FAUX;FAUX;VRAI;FAUX;FAUX;FAUX;FAUX;FAUX;FAUX;FAUX;FAUX;FAUX;FAUX;FAUX;FAUX;FAUX;FAUX;FAUX;VRAI;FAUX;VRAI;FAUX;FAUX;FAUX;FAUX;FAUX;FAUX;FAUX;FAUX;FAUX;FAUX;FAUX;FAUX;FAUX;FAUX;FAUX;FAUX;FAUX;FAUX;VRAI;FAUX;FAUX;FAUX;FAUX;FAUX
155;weride_071621;2;VRAI;FAUX;FAUX;FAUX;FAUX;FAUX;FAUX;VRAI;FAUX;FAUX;FAUX;FAUX;FAUX;FAUX;FAUX;FAUX;FAUX;FAUX;FAUX;FAUX;FAUX;FAUX;FAUX;VRAI;FAUX;FAUX;FAUX;FAUX;FAUX;FAUX;FAUX;FAUX;VRAI;FAUX;FAUX;FAUX;FAUX;FAUX;FAUX;FAUX;FAUX;FAUX;FAUX;FAUX;VRAI;FAUX;FAUX;FAUX;FAUX;FAUX
156;Zoox-OL316_051121_;1;VRAI;FAUX;FAUX;FAUX;FAUX;FAUX;FAUX;VRAI;FAUX;FAUX;FAUX;FAUX;VRAI;FAUX;FAUX;FAUX;FAUX;FAUX;FAUX;FAUX;FAUX;FAUX;FAUX;VRAI;VRAI;FAUX;FAUX;FAUX;VRAI;FAUX;FAUX;FAUX;FAUX;FAUX;FAUX;FAUX;FAUX;FAUX;FAUX;FAUX;FAUX;FAUX;FAUX;FAUX;FAUX;FAUX;FAUX;FAUX;FAUX;FAUX
157;Zoox-OL316_051121_;2;VRAI;FAUX;FAUX;FAUX;FAUX;FAUX;FAUX;VRAI;FAUX;FAUX;FAUX;FAUX;VRAI;FAUX;FAUX;FAUX;FAUX;FAUX;FAUX;FAUX;FAUX;FAUX;FAUX;VRAI;FAUX;FAUX;FAUX;FAUX;VRAI;FAUX;FAUX;FAUX;FAUX;FAUX;FAUX;FAUX;FAUX;FAUX;FAUX;FAUX;FAUX;FAUX;FAUX;FAUX;VRAI;FAUX;FAUX;FAUX;FAUX;FAUX
158;Zoox-OL316_090221_Redacted;1;VRAI;FAUX;FAUX;FAUX;FAUX;FAUX;FAUX;FAUX;FAUX;VRAI;FAUX;FAUX;VRAI;FAUX;FAUX;FAUX;FAUX;FAUX;FAUX;FAUX;FAUX;FAUX;FAUX;VRAI;FAUX;FAUX;FAUX;VRAI;FAUX;FAUX;FAUX;FAUX;FAUX;FAUX;FAUX;FAUX;FAUX;FAUX;FAUX;FAUX;FAUX;FAUX;FAUX;FAUX;FAUX;FAUX;FAUX;FAUX;FAUX;FAUX
159;Zoox-OL316_090221_Redacted;2;VRAI;FAUX;FAUX;FAUX;FAUX;FAUX;FAUX;FAUX;FAUX;VRAI;FAUX;FAUX;VRAI;FAUX;FAUX;FAUX;FAUX;FAUX;FAUX;FAUX;FAUX;FAUX;FAUX;VRAI;FAUX;FAUX;FAUX;VRAI;FAUX;FAUX;FAUX;FAUX;FAUX;FAUX;FAUX;FAUX;FAUX;FAUX;FAUX;FAUX;FAUX;FAUX;FAUX;VRAI;FAUX;FAUX;FAUX;FAUX;FAUX;FAUX
160;Zoox-OL316_092121_Redacted;1;VRAI;FAUX;FAUX;FAUX;FAUX;FAUX;FAUX;VRAI;FAUX;FAUX;FAUX;FAUX;VRAI;FAUX;FAUX;FAUX;FAUX;FAUX;FAUX;FAUX;FAUX;FAUX;FAUX;VRAI;VRAI;FAUX;FAUX;FAUX;FAUX;FAUX;FAUX;FAUX;FAUX;FAUX;FAUX;FAUX;FAUX;FAUX;FAUX;FAUX;FAUX;FAUX;FAUX;FAUX;FAUX;VRAI;FAUX;FAUX;FAUX;FAUX
161;Zoox-OL316_092121_Redacted;2;VRAI;FAUX;FAUX;FAUX;FAUX;FAUX;FAUX;VRAI;FAUX;FAUX;FAUX;FAUX;VRAI;FAUX;FAUX;FAUX;FAUX;FAUX;FAUX;FAUX;FAUX;FAUX;FAUX;VRAI;FAUX;FAUX;FAUX;FAUX;FAUX;FAUX;FAUX;FAUX;FAUX;FAUX;FAUX;FAUX;VRAI;FAUX;FAUX;FAUX;FAUX;FAUX;FAUX;FAUX;FAUX;VRAI;FAUX;FAUX;FAUX;FAUX
162;Zoox-OL316_102121_Redacted;1;FAUX;VRAI;FAUX;FAUX;FAUX;FAUX;FAUX;VRAI;FAUX;FAUX;FAUX;FAUX;VRAI;FAUX;FAUX;FAUX;FAUX;FAUX;FAUX;FAUX;FAUX;FAUX;FAUX;VRAI;FAUX;VRAI;FAUX;FAUX;FAUX;FAUX;FAUX;FAUX;FAUX;FAUX;FAUX;FAUX;FAUX;FAUX;FAUX;FAUX;FAUX;FAUX;FAUX;VRAI;FAUX;FAUX;FAUX;FAUX;FAUX;FAUX
163;Zoox-OL316_102121_Redacted;2;FAUX;VRAI;FAUX;FAUX;FAUX;FAUX;FAUX;VRAI;FAUX;FAUX;FAUX;FAUX;VRAI;FAUX;FAUX;FAUX;FAUX;FAUX;FAUX;FAUX;FAUX;FAUX;FAUX;VRAI;FAUX;FAUX;FAUX;VRAI;FAUX;FAUX;FAUX;FAUX;FAUX;FAUX;FAUX;FAUX;FAUX;FAUX;FAUX;FAUX;VRAI;FAUX;FAUX;VRAI;FAUX;FAUX;FAUX;FAUX;FAUX;FAUX
164;Zoox-OL316_110321_Redacted;1;VRAI;FAUX;FAUX;FAUX;FAUX;FAUX;FAUX;VRAI;FAUX;FAUX;FAUX;FAUX;VRAI;FAUX;FAUX;FAUX;FAUX;FAUX;FAUX;FAUX;FAUX;FAUX;FAUX;VRAI;FAUX;FAUX;FAUX;FAUX;VRAI;FAUX;FAUX;FAUX;FAUX;FAUX;FAUX;FAUX;FAUX;FAUX;FAUX;FAUX;FAUX;FAUX;FAUX;FAUX;FAUX;VRAI;FAUX;FAUX;FAUX;FAUX
165;Zoox-OL316_110321_Redacted;2;VRAI;FAUX;FAUX;FAUX;FAUX;FAUX;FAUX;VRAI;FAUX;FAUX;FAUX;FAUX;VRAI;FAUX;FAUX;FAUX;FAUX;FAUX;FAUX;FAUX;FAUX;FAUX;FAUX;VRAI;FAUX;VRAI;FAUX;FAUX;FAUX;FAUX;FAUX;FAUX;FAUX;FAUX;FAUX;FAUX;FAUX;FAUX;FAUX;FAUX;FAUX;FAUX;FAUX;FAUX;FAUX;VRAI;FAUX;FAUX;FAUX;FAUX
166;Zoox_021121;1;FAUX;VRAI;FAUX;FAUX;FAUX;FAUX;FAUX;VRAI;FAUX;FAUX;FAUX;FAUX;VRAI;FAUX;FAUX;FAUX;FAUX;FAUX;FAUX;FAUX;FAUX;FAUX;FAUX;VRAI;VRAI;FAUX;FAUX;FAUX;FAUX;FAUX;FAUX;FAUX;FAUX;FAUX;FAUX;FAUX;FAUX;FAUX;FAUX;FAUX;FAUX;FAUX;FAUX;FAUX;VRAI;FAUX;FAUX;FAUX;FAUX;FAUX
167;Zoox_021121;2;FAUX;VRAI;FAUX;FAUX;FAUX;FAUX;FAUX;VRAI;FAUX;FAUX;FAUX;FAUX;VRAI;FAUX;FAUX;FAUX;FAUX;FAUX;FAUX;FAUX;FAUX;FAUX;FAUX;VRAI;FAUX;FAUX;FAUX;FAUX;FAUX;FAUX;FAUX;FAUX;FAUX;FAUX;VRAI;FAUX;FAUX;FAUX;FAUX;FAUX;FAUX;FAUX;FAUX;FAUX;VRAI;FAUX;FAUX;FAUX;FAUX;FAUX
168;Zoox_031821;1;FAUX;FAUX;VRAI;FAUX;FAUX;FAUX;FAUX;VRAI;FAUX;FAUX;FAUX;FAUX;FAUX;VRAI;FAUX;FAUX;FAUX;FAUX;FAUX;FAUX;FAUX;FAUX;FAUX;VRAI;VRAI;FAUX;FAUX;FAUX;FAUX;FAUX;FAUX;FAUX;FAUX;VRAI;FAUX;FAUX;FAUX;FAUX;FAUX;FAUX;FAUX;FAUX;FAUX;FAUX;VRAI;FAUX;FAUX;FAUX;FAUX;FAUX
169;Zoox_031821;2;FAUX;FAUX;VRAI;FAUX;FAUX;FAUX;FAUX;VRAI;FAUX;FAUX;FAUX;FAUX;FAUX;VRAI;FAUX;FAUX;FAUX;FAUX;FAUX;FAUX;FAUX;FAUX;FAUX;VRAI;FAUX;VRAI;FAUX;FAUX;FAUX;FAUX;FAUX;FAUX;FAUX;FAUX;FAUX;FAUX;FAUX;FAUX;FAUX;FAUX;FAUX;FAUX;FAUX;FAUX;VRAI;FAUX;FAUX;FAUX;FAUX;FAUX
170;Zoox_071321;1;VRAI;FAUX;FAUX;FAUX;FAUX;FAUX;FAUX;VRAI;FAUX;FAUX;FAUX;FAUX;VRAI;FAUX;FAUX;FAUX;FAUX;FAUX;FAUX;FAUX;FAUX;FAUX;FAUX;VRAI;FAUX;FAUX;FAUX;FAUX;FAUX;FAUX;FAUX;VRAI;FAUX;FAUX;FAUX;FAUX;FAUX;FAUX;FAUX;FAUX;FAUX;FAUX;FAUX;VRAI;FAUX;FAUX;FAUX;FAUX;FAUX;FAUX
171;Zoox_071321;2;VRAI;FAUX;FAUX;FAUX;FAUX;FAUX;FAUX;VRAI;FAUX;FAUX;FAUX;FAUX;VRAI;FAUX;FAUX;FAUX;FAUX;FAUX;FAUX;FAUX;FAUX;FAUX;FAUX;VRAI;FAUX;VRAI;FAUX;FAUX;FAUX;FAUX;FAUX;FAUX;FAUX;FAUX;FAUX;FAUX;FAUX;FAUX;FAUX;FAUX;FAUX;FAUX;FAUX;VRAI;FAUX;FAUX;FAUX;FAUX;FAUX;FAUX
;;;72;10;3;0;1;0;0;65;3;18;0;0;75;4;0;0;0;0;0;1;0;0;0;69;37;19;0;7;9;0;6;6;0;2;1;1;0;0;1;0;0;0;6;12;15;8;6;0;0;7
;;;;;;;;correlation - movement preceding collision & type of collision;;;;;;;;;;;;;;;;;;;;;;;;;;;;;;;;;;;;;;;;;;;;